identifier,all_names,batting_style,bowling_style
d72a2d32,['A Ganeshan'],,
f315f713,['A Gentle'],,
b4a03e25,['AG Walker'],,
46d45fde,['A Hamilton'],,
a06d0f17,['A Haque'],,
9b04a912,['A Harris'],,
068d27fe,['A Heywood'],,
a63ceba6,['Ahmad Khan'],,
638a14dc,['Ahmad Mushtaq'],,
d01f8cb9,['Ahmed Ameel'],,
56d0ab23,['Ahmed Bilal'],,
c3f4ffdd,['Ahmed Jamaal'],,
af23265a,['Ahmed Shah Durrani'],,
43602937,['Ahmed Shah Pakteen'],,
8466feb5,['A Holder'],,
5bbb4ec5,['Ahsan Bhatti'],,
862c0b16,['Aidan Seaver'],,
3f7c9f71,['A Imtiaz'],,
45813bab,['A Jain' 'Arjan Jain'],,
117006f2,['A Jarvis'],,
a67aa9df,['AJ Barrow'],,
4b6711c2,['Ajith Dcosta'],,
d68f4aa1,['AJ Michael'],,
7ffe0ce3,['AJ Neill'],,
284d6015,['AJ Sammartino'],,
f06852e3,['AJT Dowdalls'],,
7c9c0f18,['A Kapa'],,
7d13b388,['A Kassam'],,
e753931d,['Akbar Ali'],,
ce352f02,['Akbar Khan'],,
fdcc6236,['AK Chaudhary' 'AK Chowdhary'],,
c17a101b,['AK Ghose'],,
d6ac52e8,['Akhilesh Sahani'],,
9d0344f3,['Akif Raja'],,
e1d712bb,['A Kind-David'],,
7202ec06,['A Kitamura'],,
602fd1aa,['AKL Brijcoomar'],,
cc07fa42,['A Koul'],,
2c772c89,['A Kovalevs'],,
094a7be4,['A Patel' 'AK Patel'],,
c997e906,['Akram Aslam'],,
562d74d0,['AK Rana'],,
894ebe7e,['AK Saini'],,
a6c37940,['Akteruzzaman'],,
de412f40,['AK Wilds'],,
fe0b3bdf,['A Langham'],,
92197eee,['Alastair Smith'],,
e214be36,['Alfredo Esteban Valdes Puentes' 'Alfredo Puentes'],,
1a1f45a4,['AL Gillies'],,
4165ced0,['AL Hill'],,
82ad363c,['Ali Ahmed'],,
61ff1d99,['A Liaqat Ali'],,
7db29f25,['Ali Naqi'],,
4ec0443d,['Ali Nayyer'],,
7f6f68a0,['Alison Smith'],,
fea813ce,['AL Roberts'],,
b9b194d6,['Altaf Gill'],,
411d28f6,['A Maasz'],,
1d4ccacd,['Amad Sheikh'],,
1e451414,['AM Ally'],,
5c67c7a6,['AA Baig'],,
c7a9ffbf,['AA Bevilaqua'],,
d37fd2c3,['A Adams'],,
797f52cc,['AAhan Achar' 'AG Achar'],,
161641cd,['Aamer Ikram'],,
62479b4b,['AA Premji'],,
b0b5d6ba,['Aaqib Sulehri'],,
de8341fd,['Aaron Campbell'],,
67b99b43,['A Arroz'],,
42c41e1a,['Aasif Iqbal'],,
72448ed4,['A Askari'],,
4f62e07f,['A Barty'],,
2c29b16e,['Abdul Jalali'],,
7d42816e,['Abdullah Ghulam'],,
508fbec9,['Abdullah Qureshi'],,
0cfb42b5,['Abdul Majid Abbasi'],,
37cb317b,['Abdul Muqeet' 'Abdul Muqeet (2)'],,
db07c3e8,['Abdul Nabi'],,
35824e03,['Abdul Qadir'],,
40431f63,['Abdul Rahman' 'Mohammad Abdul Rahman'],,
a3379021,['Abdul Rashid'],,
ff2dd5e4,['Abdul Salam'],,
edaae5f4,['Abdur Rahman Sudais'],,
ef618cab,['A Begg' 'Andrew Begg'],,
c109497d,['A Bengeri'],,
59ec9638,['Abhijit Bhattacharya'],,
0cb292b1,['Abhinav Raman'],,
ee866f8d,['A Bisson'],,
4095f16b,['AB Kookna'],,
5e3f2522,['A Cassim'],,
ef14c0ec,['AC Harris'],,
c144a09d,['A Chatterjee'],,
f52fbc63,['A Chaudary'],,
ffead9c2,['A Chaudhary'],,
e62b4c77,['A Chetty'],,
23c38aa6,['A Clark'],,
8c73cd16,['A Clark' 'Amy Clark'],,
ea5a4563,['A Crafford' 'Adriaan Crafford'],,
c32a41ba,['A Curr'],,
397462b9,['A Dagar'],,
0cabf6f4,['Adam Birss'],,
6926f6db,['AD Conwana'],,
6fda55cc,['A Deshmukh'],,
b62aea3c,['Adhip Pradhan'],,
b6b1155c,['Aditya'],,
b692049a,['AD Kamania'],,
45ec7a99,['Adnan Khan'],,
24382f7b,['Adnan Liaquat'],,
f68ea742,['A Dolin'],,
94b5ec3b,['Adriaan van den Dries'],,
2a5ca58b,['A Edwards' 'Amanda Edwards'],,
f48d5563,['A Elliott'],,
e429a2e8,['Afaq Ahmed'],,
7fc47de1,['Afia Amin'],,
b786b38f,['AFM Akhtaruddin'],,
7be2bafa,['A Freeman' 'Arsheena Freeman'],,
d60640f9,['A From-Hansen'],,
16da2745,['Afzalkhan Pathan'],,
746fd7bf,['Afzal Saleem'],,
ce79545f,['Afzal Virk'],,
37db06ef,['A Gajjar'],,
b672e825,['A Manousis'],,
140ac7ad,['Amari Ebbin'],,
0c17f84a,['AM Baird'],,
660a64d3,['A McDaid'],,
bc858d29,['AM Chakrapani'],,
2622742a,['AM Deshpande'],,
f336ff13,['A Mehrotra'],,
83b8fa73,['AM Ewart'],,
a7c6ee8a,['A Mhletywa'],,
87e977df,['Amjad Gul'],,
7ed05554,['AM Killey'],,
5913321a,['AM Muller' 'Mike Muller'],,
2475b98f,['AM Pereira' 'Anna-Marie Pereira'],,
0d90c81c,['AM Smith'],,
81d16701,['A Muoki'],,
6c4ca034,['Anantha Rajamani'],,
a2b73ae0,['A Natarajan'],,
ba0ebe56,['A Naudi'],,
00d07580,['Andrew Crozier'],,
32c53327,['Andrew Scotford'],,
4ba77c99,['A Nicholas'],,
2892df67,['Anish Sahasrabudhe'],,
c9439c2e,['A Norgrove'],,
39431db7,['Anowarul Islam'],,
3864f6bd,['Ansumana Jarju'],,
397cf8e4,['Anthony Hobson'],,
0dcd8fbd,['Anthony Glynn Roe' 'Anthony Roe'],,
4f2cf3ed,"[""A O'Neil"" ""AV O'Neil"" ""Annie O'Neil""]",,
7c6293d1,['A Orfila'],,
eaeaf575,['A Patel' 'Anisha Patel'],,
9e5225be,['A Peters'],,
3f4456f5,['AQM Yako'],,
1798078c,['A Randhawa'],,
95957b9e,['Arif Ansari'],,
033e9d59,['Arjun Vinod'],,
5c861579,['AR Maddela'],,
9e894c5a,['Arslan Anwar'],,
1a6c82e7,['AR Tuffery'],,
e24f3d1f,['A Sanawar' 'Anthony Sanawar'],,
a5efce80,['A Sarma'],,
88aaf2d7,['Asgarali Kassam'],,
1f1f823a,['Asghar Ali Bhatti'],,
a4d3be4d,['A Sheridan'],,
b81712f7,['Ashlee Gibbons'],,
68305b5c,['Ashraaf Karriem'],,
fe5f83da,['Ashton Taylor'],,
f0aadc22,['A Sibanda'],,
6e723897,['Asif Mahmood'],,
6b35790c,['Asif Yaqoob'],,
a7defe00,['Aslam Bareach'],,
967984d0,['A Sootaga'],,
71b1e668,['Assad Mehmood'],,
5a72b592,['A Stanley'],,
89c62cf5,['A Steenkamp'],,
cf9338c9,['A Surenkumar'],,
364345ce,['Atif Jamal'],,
b1d7d7bc,['A Totre'],,
9758077b,['Aucher Warner'],,
5950b933,['A Ueda'],,
63af7f6e,['A van den Berg'],,
06209a4c,['A van Schoor'],,
bde6e9ef,['AV Jayaprakash'],,
30c917bf,['AV Lazarus'],,
a7c9f985,['AV Narvekar'],,
286d5990,['Awal Babu'],,
e8915c11,['AW Kay'],,
55053e4b,['AW Louw'],,
78369076,['AW Scotland' 'Sandy Scotland'],,
f41c1218,['A Yates' 'AB Yates' 'Amy Yates'],,
2efc430e,['AY Dandekar'],,
0f661b72,['Aye Min Than'],,
a4fd2009,['AY Gokhale'],,
99bf1fb7,['A Yon'],,
d620b86a,['Azad KR'],,
ff1e08eb,['Azam Khalil'],,
880133fb,['Azam Mohammad'],,
0daac1da,['Azlan Suiad'],,
0e102c3b,['BAA Zammitt'],,
c65e0275,['Babar Ali'],,
adcc3906,['Bala Kailash'],,
313314bc,['BA Mantle'],,
d7fe80b4,"[""BA O'Brien""]",,
98571ce8,['Bashir Ahmed'],,
6e80042d,['Basiru Jaye'],,
c620f573,['Basu Karn'],,
6ca1d545,['BB Bailey'],,
8603d942,['BB Pradhan'],,
21640462,['B Bugingo'],,
3ded0fd5,['BCN Joseph' 'Bernard Joseph'],,
f7e8ee52,['BC Treloar'],,
d7327068,['BDA Westraadt'],,
cac638ae,['B Birkhead' 'BD Birkhead'],,
aa361ce8,['BD Papworth'],,
25dcd237,['BD Schmulian'],,
8fe33b81,['BE Cloake'],,
14fb95ae,['Bede Sajowitz'],,
35cfc769,['Benjamin Constanzo' 'Benjamin Figueroa Constanzo'],,
b0b8fec6,['Berend du Plessis'],,
c768ff1b,['Bernard Perera'],,
20ccbb4c,['B Ess'],,
7d399085,['B Farrell'],,
efc0a862,['BF Bowden'],,
fd8ffc13,['BG Frost'],,
26457e41,['BG Jerling'],,
987a5841,['B Gurung'],,
cd4134fc,['B Hartong'],,
7725cb8a,['B Heath'],,
2c14421f,['B Isaac'],,
cae815a0,['Bismillah Shinwari'],,
b77d2322,['B Joseph' 'Brian Joseph'],,
3e04e05a,['BJ Peverall'],,
c3ea1c10,['BK Mehta'],,
b17a1d5a,['BL Aldridge'],,
2fdcecae,['B Lekau'],,
740a5494,['B Leo' 'Branden Leo'],,
f46bef25,['B Manikandan'],,
862e4e77,['BM Davis'],,
f12d65ee,['BM Perry'],,
e54d6bd3,['BN Harrison'],,
6fb07db4,['B Ntshebe'],,
c982ad6f,['B Phelenyane'],,
7bb1331e,['BP Jele'],,
92ad5353,['B Ramani'],,
751a026b,['BR Farrell'],,
c76cdfd7,['Bri Olewale'],,
3d7e7eac,['BS Bhatti'],,
328bda1e,['B Songa'],,
0bf06c6d,['BV Arya'],,
90b3169e,['B Zaigham'],,
f758a37b,['CA Greloni' 'Catalina Greloni'],,
4f91427c,['Cakacaka Cokovaki'],,
03850014,['C Alfred' 'Colin Alfred'],,
a8fd2b20,['CA McElwee'],,
543b2173,['CA Moses'],,
e304926f,['CA Numungu'],,
26a360d2,['CA Polosak'],,
75b42f71,['C Black' 'Cory Black'],,
53e855df,['C Brooks' 'Carl Brooks'],,
a7e221c3,['C Cato'],,
76b93b1c,['C Creswell' 'Charles Creswell'],,
c0215bbd,['CD Isaacs'],,
a072f223,['C Edwards'],,
ad90e4b8,['CE Mack'],,
7d8b691a,['C Fletcher'],,
8a9e3cd0,['C Forbes'],,
b795e2a9,['CF Wright'],,
d178e57e,['C George'],,
876ed858,['C Grant'],,
f0c86c2d,['Chanderpal Saini'],,
4e1b7998,['Chare Smith'],,
8de34db0,['Charles Kariuki'],,
fa135031,['C Hawke'],,
e8eb3b33,['C Haysom'],,
5f1a3d77,['Chetan Thanki'],,
ed55e0da,['C High'],,
6cedc2a1,['C Hill'],,
8b680f55,['Chirra Ravikanthreddy'],,
47f2d735,['C Howard'],,
75a667c0,['C Howell'],,
1f50a44a,['Christopher Taylor'],,
3cfb1554,['Chris Watts'],,
d12ba873,['CJ Conradie'],,
463e127a,['C Jennings'],,
4ba47d5a,['C Kemp'],,
012de9c4,['CK Nandan'],,
32157f67,['C La Borde'],,
85645e62,['Claus Schumacher'],,
473f4718,['C Lenyatsa'],,
e8ec6627,['C Lewatu'],,
a32dd94d,['C Lewis'],,
d6c78239,['C Madhavan'],,
500b5adf,['CM Colleran'],,
a83bd4c3,['C Milner'],,
2d658334,['C Moorehead'],,
1ba50005,['C Mutasa'],,
a541fc41,['CO Wright' 'Chris Wright'],,
0966797b,['C Palmer'],,
ade73404,['C Phiri'],,
d993c121,['CR Duncan'],,
abc0bd86,['CR Mohite'],,
66754320,['CR Sarsfield' 'Sarsfield'],,
ae32fc6f,['C Seabourne'],,
0f9d921b,['C Shamshuddin'],,
68664af7,['C Thomas'],,
904288fe,['C Thorburn'],,
4d8ad58c,['C Thurgate' 'Chris Thurgate'],,
fdf9c85a,['C Udoyi'],,
25e401e3,['CV Kadam'],,
86ae7e09,['C Wyngaard'],,
169c473b,['C Young'],,
d733d125,['C Yudian'],,
5b84f3bc,['C Zhou'],,
7b300d1e,['DA Achanta'],,
e6789a88,['DA Haggo'],,
0fb1f503,['Damian Morrow'],,
aa489c6e,['Damien Herft'],,
d09891ad,['Danesh Ramdhanie'],,
bfa866cc,['D Angara' 'Dennis Angara'],,
fb4826fc,['D Arkeldien'],,
70e8e085,['David Krieg'],,
fc0b4157,['David Mills'],,
fefc7d47,['D Barr'],,
72896bd0,['D Bedingfield'],,
e82dade9,['DBG Murphy' 'DGB Murphy' 'David Murphy'],,
b34f743c,['D Bhatt'],,
2199afd4,['DB Mealey'],,
d03ea7d5,['DB Mohinder'],,
464daf41,['D Brigham'],,
6eb27d55,['D Claxton' 'Davanna Claxton'],,
d68ff74f,['D Cox'],,
d613f5e1,['D Crawford'],,
20fef1f3,['D Dreyer'],,
0c4af99e,['Dean Trigg'],,
0da654c8,['Debasish Roy'],,
8108fe74,['D Eckstein'],,
526fe472,['DE Martel'],,
5cbeeb02,['Denavon Hayles'],,
e4b24068,['Desmond Hicken'],,
7e76e6ed,['DG Paterson'],,
c405a3df,['Dharmalngam Suresh'],,
6cd74704,['Dharmendra Manani'],,
d32f938d,['Dharminder Pal Rauhia'],,
3d894b46,['Dhavanath'],,
281d4749,['DH Mclean'],,
4643c2b6,['DH Sharma'],,
e305bdde,['D Imobighe' 'Deborah Imobighe'],,
9c9409a6,['Dinusha Bandara' 'Dinusha Bandara (2)'],,
9b4fc7b9,['D Ireland'],,
49d422bf,['DJ Burns'],,
d547fe55,['DJ Clark'],,
0c5f662b,['DJ Hawke'],,
76e3c08f,['DJ Henderson'],,
2c72e1a5,['D Joubert'],,
021d0f79,['DJ Vernon' 'David Vernon'],,
baf1c7d1,['D Kalloe'],,
178b4188,['D Kniveton'],,
da009f7e,['D Leo'],,
8fc718ea,['D Levens'],,
5f2b4473,['D McInnis'],,
e6029a5f,['D Mee'],,
ee484745,['D Milns'],,
fd171c58,['D Moran'],,
8320c155,['D Morton'],,
bb312212,['DM Quested'],,
c52de9d9,['D Mukarurangwa'],,
aa3ea16d,['D Natarajan'],,
38e55b24,['D Ndipo'],,
fb0a571f,['DN Subedi'],,
97175150,"[""D O'Bey""]",,
45994517,['D Odhiambo'],,
de8633f1,['D Prakas'],,
4cae2b0c,['DR Close'],,
33d3e28b,['D Robeson'],,
b235cb97,['D Sevakumaran'],,
ab0d21ad,['D Shepherd'],,
aa581d5b,['D Somwaru'],,
dcfe6cdd,['D Talalla'],,
b940a2b2,['D Taylor'],,
7c215d14,['DT Jukes'],,
d0a98a96,['D van Deventer'],,
e651d2a5,['D van Kerwel' 'Deon van Kerwel'],,
f5c7823e,['D Venter'],,
ba5cc6d5,['DW Reid'],,
e33923eb,['DW Ward'],,
a0e886e0,['D Young'],,
5d9d83e6,['D Young' 'D Young (2)' 'David Young'],,
ba2f439f,['DZ Ma'],,
87521e16,['EA Chitsondzo'],,
0e83b3cd,['E Asoyo'],,
147afe9d,['EA Watkin'],,
5532c093,['EA Woodhouse'],,
971e4db1,['EB French'],,
671bfe25,['Ebrahim Mohamed'],,
ac0aae9a,['E Bruce-Okine'],,
3f2996c9,['EC Hendrikse'],,
875a803d,['EC Knight' 'Ernest Knight'],,
c4a8603e,['E Dindar'],,
25c6d6af,['ED Sanders'],,
be24f868,['Edwin Seah'],,
faacb85b,['EF Telford'],,
b3cd0cf9,['E Gare'],,
3e84f2ec,['E Geach'],,
caaf2219,['EG Fazackerley' 'Erin Fazackerley'],,
e01e17ee,['E Gouge'],,
56e4f120,['E Haynes'],,
1fc327e3,['Eissa Jassim'],,
41acc8bf,['E Kahamker'],,
3d942cdc,['E King'],,
15578501,['EK Kench'],,
a476d6d0,['E Lassen'],,
5fa7f030,['EL Bartram'],,
67b5bb60,['A Leblanc' 'E Leblanc'],,
d8d43840,['Eloise Sheridan'],,
6fea65a0,['Emanuel Solomon'],,
5257e839,['Emily Merrien'],,
a428109a,['Emmerson Carrington'],,
17f2fbf4,['E Moiane'],,
2c33efba,['EM Vines'],,
543b4552,['EM Young'],,
883e658c,['E Ngegba'],,
53d6b9e2,['E Reinehr'],,
ec8cbfcd,['Eric Hirwa'],,
6d97d2e2,['E Simeon'],,
730b7515,['E Sylvester'],,
4c0891bc,['ET Dube'],,
2044b61e,['E Thorpe'],,
33328ec7,['Fakhrul Mohon'],,
e85bb4b3,['Fanyan Mughal'],,
534c3dbe,['Fareedoon Bhatti'],,
ba1ae245,['Farhat Mahmood'],,
36f7682b,['Farial Zia Safdar'],,
142d57ca,['Farid Dalwai'],,
bada879d,['Farooq Ali Khan'],,
c1d0caa5,['Farooq Khan'],,
5eb5f773,['Farukh Siddiqi'],,
cbb7cfa5,['Fathinah Nasri'],,
7395de23,['F Auguiste' 'Felix Auguiste'],,
0dd7db36,['Fazal Rahman'],,
1530ae9d,['F Bangur'],,
4f1f5bdd,['F Bulpitt'],,
637680bc,['F Copley'],,
b1c9d04c,['F Ekalunga'],,
3134d083,['F Gomes'],,
2a6f2b3d,['Fikri Rosdi'],,
7c7fe471,['Fitratullah Khawari'],,
789703db,['F Jaary' 'Fidel Jaary'],,
c17dcc29,['F Khaliq'],,
9d9edf14,['F Miller'],,
21b67523,['F Mutua' 'Francis Mutua'],,
fb5b77fd,['F Ndayisenga'],,
465cdd1d,['Foyes Ahmed'],,
8b04b928,['F Patel'],,
a07c24ea,['F Pieters'],,
f9d5ba4d,['Frankie Spiteri'],,
0313fec0,['F Richards'],,
72a025a0,['F Song'],,
69e53eb3,['F Stoman'],,
c46400b7,['F Tanguy'],,
a46ccefa,['Furqan Dawood Sange'],,
da8a6db7,['F Warburton'],,
f5d91a1f,['Gasana Christian'],,
3bac0164,['G Ashford'],,
6c46022b,['GA Stirrat'],,
eb99c84c,['Gaston Niyibizi'],,
edb80f24,['Gaurav'],,
cb4b3ab0,['GAV Baxter'],,
2ed39f3a,['GA Von Willingh'],,
20e3ae99,['Gayathri V' 'Gayathri Venugopal'],,
f0df3ed7,['Gazi Sohel'],,
a8e0ed6a,['G Bambury'],,
dad513b6,['G Bawa'],,
c089239d,['G Beechey'],,
b4397014,['G Beldham' 'George Beldham'],,
3b6e7445,['G Botha'],,
4b781bd0,['G Brown' 'Gabi Brown'],,
fea81c89,['G Bushe'],,
fc2150f4,['G Candiru'],,
85d3cd91,['GC Holdem'],,
4c47ebf2,['GC Joshua'],,
89fbecc7,['G Clelland'],,
41c2337d,['GD Redman'],,
7b7cc1ff,['GE Greaves'],,
b33a1559,['Geoff Davidson'],,
ee7abb32,['Gershon Yusuf'],,
10b360cc,['G Gaseba'],,
d9376677,['GG Pennell'],,
33686325,['GH Black'],,
5ad5ca4a,['Ghiasuddin Balban'],,
3516e46b,['GH Pienaar'],,
82ec1b9a,['Ghulam Shabbir'],,
31ad5973,['GJ Davidson'],,
c05897b0,['GJ Luck'],,
ceec82cd,['G Johnson'],,
5b77e287,['GKS Gole'],,
0070ed27,['Glen Walklin'],,
fae59566,['GL Mushi'],,
46f4a901,['G McCrea'],,
f442110f,['G Morrisey'],,
b7e4df9e,['GN Brolly'],,
ef0feede,['GO Braithwaite'],,
1ace56d4,['GO Brathwaite'],,
3ec70b7b,"[""G O'Sullivan""]",,
1d5978b9,['G Persaud'],,
c363921c,['G Pillai'],,
e950350e,['Greg Azzopardi'],,
a4a348f9,['G Sankaranarayanan'],,
4cf5a784,['G Smith'],,
ece549e3,['G Stubbings'],,
c1030452,['GUDS Kudahetti'],,
08deefa3,['Guillermo Aburto'],,
05978f8d,['Gulam Mustafa'],,
a8927068,['Guyanand Sukdeo'],,
6b26688e,['GW Croudis'],,
59e12880,['GW Maddy'],,
ff34e255,['HA Basropansingh'],,
fb35ab1f,['Habib Enesi'],,
f566cd7d,['Hafiz Qaleem'],,
8d70ae3b,['Han Guangze'],,
41299a4e,['Hannes van Vuuren'],,
28f14bf7,['Hanoz Iqbal'],,
552cf5a2,['Hardeep Jadeja'],,
ed918c90,['Harikrishna Pillai'],,
abed16ae,['H Armitage'],,
9bb06571,['Harry Singh'],,
bf4720ce,['Harsimran Singh'],,
9cce25b7,['Hasnain Kiani'],,
539773a0,['Hassan Ibrahim'],,
bac4b7d0,['H Bingham'],,
4090226d,['H Brown'],,
14e69644,['H Dawood'],,
fd085105,['Hein Heydenrych'],,
fd4959c8,['HE Kearns'],,
e6c8bace,['Hennie Botes'],,
761e927f,['Henry Warner'],,
17751f98,['H Eulenkamp'],,
9171da5a,['HF Houillon'],,
49f84b87,['H Gilliard'],,
5a275afa,['H Grant'],,
1172f36e,['H Grewal'],,
48f9193f,['H Hugo'],,
6501e421,['Hina Hussain'],,
f9e21b08,['Hiralal Raut'],,
2085a934,['Hitesh Sharma'],,
40919feb,['HJ Yan'],,
6e9d5add,['HKG Jansen'],,
22fad2b6,['HM Brennan'],,
54d1bfb5,['H Nesbitt'],,
d0e2e8ea,['H Niaz'],,
a6ea5758,['H Ochieng'],,
fed53c91,['H Pack'],,
6e34d108,['H Philip'],,
e91d7d02,['HPL Bruce' 'Hayden Bruce'],,
e8ad9e3b,['H Potts' 'Henry Potts'],,
879cf1dd,['HR Bhamu'],,
fea1e74f,['HR Giri'],,
2efac75d,['H Smythe' 'Hubert Smythe'],,
d588aafd,['HSR Proverbs'],,
91f266cf,['HT Li'],,
a2880cb1,['H Tukrul'],,
f5c1a39d,['Hudaa Mohamedi'],,
6b6d6623,['Humaira Farah'],,
ce0c22d0,['Huzaifa Akram'],,
e44c17f1,['H Wolff'],,
86197ea5,['H Yerzal'],,
78f4d252,['IAF Bevers'],,
41d3085d,['I Ambrose'],,
d4c0dc60,['Ian Thomas'],,
4b594b43,['IA Thomson'],,
f89b7b90,['Ibrahim Mughal'],,
5e39110e,['I Chabi'],,
7fede93b,['I Faleupolu'],,
bad374d3,['Iftikhar Ahmed' 'Iftikhar Ahmed (3)'],,
fc537391,['Iftikhar Ali'],,
75e77070,['IG Warne'],,
612be1ba,['IH van Kerwel'],,
a6e30365,['IJ Dixon'],,
a7a885b5,['I Kabia'],,
03c98aa6,['Ilenia Sims'],,
125f9f05,['IL Herbert'],,
37b55799,['I McDonald'],,
dba4f593,['I Ali' 'Imran Ali'],,
8a6602c4,['Imran Azam'],,
9a1405c8,['Imran Javed'],,
2cc557f8,['Imran Khan' 'Imran Khan (3)'],,
a0a32dd1,['Imran Khan' 'Imran Khan (4)'],,
8b646bc8,['Imran Moakan'],,
f11bc2ff,['Imran Mustafa'],,
971439f3,['Imran Patel'],,
037bf4eb,['Imran ullah Gul'],,
21afbcd3,['Imran Yousuf'],,
82e71557,['Imraz Rafi'],,
a247c3b6,['Imtiaz Iqbal'],,
15c766c3,['Inam-ul-Haq'],,
33cb7803,['IN Ramage'],,
de4828fa,['IO Oyieko'],,
74cd02ea,['I Reid'],,
6386441e,['Irfan Ghafoor'],,
85143097,['I Shivram'],,
c270299f,['IS Mananelage'],,
0ee3bb49,['Itangishaka Olivier'],,
091cd172,['I Thomson'],,
5540a1ab,['IV Ramana Rao'],,
0429e73e,['Izatullah Safi'],,
43c90923,['Izmir Azraf'],,
d392fec7,['Jackson Nzayisenga'],,
259c0030,['J Adie'],,
6a364c6d,['Jagdeep Singh'],,
1e4a0d2c,['JA Hanekom' 'Jurgen Hanekom'],,
a16862fb,['Jahedur Rahman'],,
ccf7baaf,['JAK Bromley'],,
a863ba68,['Jake Egan'],,
e4643877,['James Burbeary'],,
e7d2a77a,['James Turner'],,
eaeeb60b,['James Wilson'],,
3402e067,['Jamil Zaidi'],,
0ef22928,['J Andrews'],,
a7739720,['Jannie Bedford'],,
5996db9e,['Janpreet Singh'],,
84fa5232,['Jareth McCready'],,
eac9b8d9,['JAS Morton'],,
166e3cb1,['Javed Malik'],,
06989091,['Javid Patel'],,
5f2a4e3e,['Jawad Mir'],,
c1f3ae44,['JA Woolston'],,
2e90de30,['J Ayannike' 'Joshua Ayannike'],,
e597f8e9,['Jayanth Babu'],,
1b31284b,['J Badjan'],,
58801be6,['Brian Anderson' 'JB Anderson'],,
a84cd292,['J Basden'],,
1befb550,['J Brewah'],,
c122ab7f,['J Brown' 'Jody-Ann Brown'],,
abc082bf,['J Buscall'],,
8e69f5e0,['JC Hancock'],,
767e305a,['J Chikange'],,
4962bfc5,['J Chinunga'],,
50798e8a,['JC Paleker'],,
deffbf89,['J Cushway'],,
6d7fd28b,['J Dass' 'Jamie Dass'],,
6ac472fb,['JD Birchall'],,
b0419f8c,['JD Cloete'],,
5dcd864f,['JD Dalton'],,
603d372f,['Jeetendra Gupte'],,
327abda5,['Jeevan Amana'],,
1154bf4f,['Jermaine Lindo'],,
5a719b87,['JF Chester'],,
22431c5a,['J Flannery'],,
2a1bc1b0,['J Foster'],,
ecef5677,['J Ghose Roy'],,
05cbd606,['JG Olorenshaw'],,
92b94582,['J Grewcock'],,
4b9db9bf,['J Grima'],,
ad25d3b7,['J Hayes'],,
40d29a33,['D Hazell' 'J Hazell'],,
68e7e8d5,['J Henry'],,
f444fdac,['JH Evans'],,
bfe1c25f,['J Hewitt'],,
8a1350d4,['J Hilhorst'],,
4f3b7d15,['JH Lovelock'],,
75e774bd,['J Holmes'],,
0e6ad093,['Jiang Shu Yao'],,
7318fdbf,['J Ibbotson'],,
13187bb6,['J Jarvis' 'Julia Jarvis'],,
85d0d93d,['JJ Luck'],,
fd59afc6,['J Jno Baptiste'],,
3378a304,['JJ Perez'],,
5ca4a6ff,['JJ Tasman-Jones'],,
c5981c9c,['JJ Wright'],,
5a9b694c,['J Karuri'],,
3cf86412,['JK Chandubhai'],,
453a39b4,['JK Schabel'],,
5ec68f1b,['J Leahy'],,
0aa05f43,['J Livesey' 'Jane Livesey'],,
045cd23a,['JL Lambourdiere'],,
81c6caa3,['JL Laubret'],,
587acf57,['J Magowan'],,
2842d925,['JM Apio'],,
2f56d020,['J Matibiri' 'Jerry Matibiri'],,
a4b05e45,['JMB McClymont'],,
33c7e65d,['JM Busby'],,
698dfeae,['J McClure' 'Jamella McClure'],,
d528e06c,['J McGeehan'],,
153c9f33,['JM Dempsey'],,
6915bcc1,['J Medew-Ewen'],,
7cc28fc6,['JM Foley'],,
f58295c2,['JM Iradukunda'],,
d4b06f63,['JM Miley' 'James Maxwell Miley'],,
2864ee42,['JM Mussa'],,
b61d9d70,['JM Williams'],,
0dc3fee0,['J Naeem'],,
35db64ff,['J Nicholas'],,
abee08c7,['JO Adedeji' 'S Adedeji'],,
9c17b4ef,['Joe Evans'],,
4e30c72a,['John Biddiss'],,
f9271cce,['John Evans'],,
9d819a32,['John Mayeku'],,
b5f3d429,['John Prakash'],,
e3fc27ab,['John Shaw'],,
a1786c35,['John Taylor'],,
3768b0b6,['John van Rensburg'],,
ef9a3298,['Jonathan Blades'],,
f7ad4494,['Jonathan Kennedy'],,
aead07cb,['Jon Roberts'],,
578a2e3d,['J Paterson'],,
314da9c4,['J Persaud' 'Javed Persaud'],,
9842756f,['J Pollucksingh'],,
6e57f41d,['J Pratt'],,
9619c40a,['JR Coleman' 'Jacinta Coleman'],,
0ab90734,['J Richards' 'Jenison Richards'],,
a5901a94,['J Richardson'],,
0f766bd0,['J Roberts'],,
c7abd522,['J Ruddick-Collins'],,
9123ee40,['J Sadler'],,
83544e25,['J Savage'],,
8710f462,['JS Case'],,
962020d0,['J Swift'],,
d7f3b72f,['JS Wilson'],,
2fe9a247,['JT Blunt'],,
118c3b91,['J Thomas'],,
f31ce798,['J Thompson'],,
b90044b7,['Justine Muzungu'],,
d56557da,['J Van Der Werf'],,
8c60bc07,['J Veikauyaki'],,
24274d3f,['J Wesele'],,
eaad0353,['J Westerberg'],,
f654516a,['J Wills'],,
a6439076,['J Wolhuter'],,
8d400752,['JW Ward' 'John Ward'],,
6e61adb8,['JWW Gardner'],,
bcd1f525,['KA Heffernan'],,
ed992ec1,['K Ahir'],,
6926399e,['Kamalesh Thakur'],,
8f2c2c58,['Kamal Raja'],,
2ae7a044,['Kamruzzaman Limon'],,
cef2bab6,['Kapila Kottahachchi'],,
155c24d2,['Karan Dagar'],,
8d34b308,['K Arun Kumar'],,
9334796c,['Kashif Hussain'],,
0c540be6,['Kashif Sharif'],,
da0aead1,['KA Sisnett' 'Kevin Sisnett'],,
c884ae44,['Kaukab Butt'],,
5e3938b6,['Kaushik Vyas'],,
95069621,['K Barrasingha'],,
a2c35938,['K Bayney'],,
40316210,['KB Suresh'],,
12091feb,['KC Adams' 'Kevin Adams'],,
a2dd9236,['K Cawte'],,
7ca4ac4f,['K Chavan'],,
830c83fe,['KC Manley'],,
d59c5855,['K Cross'],,
e381ae69,['KC Thompson'],,
58ddb8b4,['KD Earl'],,
e7e9f2cd,['Kehinde Olanbiwonnu'],,
8cc171e7,['Kent Hannam'],,
4083414c,['K Ferron' 'Keneshia Ferron'],,
dd041dba,['K Forde'],,
928b7f1b,['K Furbert'],,
704afd47,['K Gallagher'],,
822c7f08,['K Gibbons'],,
a3a51937,['Khaja Naeemuddin'],,
12197705,['Khaled Khan'],,
40bc76ce,['Khalid Elahi'],,
5087811b,['Khalid Izaz'],,
8303bc5c,['Khalid Mahmud'],,
5c93efb1,['Khalid Zahid'],,
9130246b,['K Harewood'],,
2386ccff,['K Hariharan'],,
617229bc,['Khawar Abbas'],,
bda8cca8,['KH Hurter'],,
e386f555,['K Holloman'],,
4dae1243,['K Homer' 'Kimone Homer'],,
b21bbc29,['Khurshid Ahmed'],,
67a7c2ee,['Kim Cotton'],,
cf43a895,['K John'],,
6f35da07,['KK Challa'],,
5be8e470,['KKE Kannangara'],,
6cc1d918,['K Klaaste'],,
1f1345e7,['K Kowlessar' 'Kellman Kowlessar'],,
aed9ac31,['K Lion-Cachet'],,
67f0ef88,['KL Midwood'],,
fcef2064,['K Miegel'],,
75749112,['K Mira'],,
1a37008a,['K Mothlhanka'],,
49be2f58,['KN Mussa'],,
ac717ebd,['K Pedersen' 'Kent Pedersen'],,
2b44df20,['K Persaud' 'Kumarie Persaud'],,
f95e48fe,['K Pope'],,
1dd91614,['K Powell'],,
644bf4ad,['K Pulley'],,
97d6ed2a,['K Saesong'],,
7b800f9e,['K Seura'],,
fe6b8d8f,['KS Godbole'],,
9bc8dcec,['KS Jagannathan'],,
a2b3ce7e,['K Smith'],,
79c0d118,['K Speed'],,
8c7fb752,['KSVP Venu Madhav'],,
5352355a,['KT Ponnambalam'],,
8c483884,['Kuldeep Singh'],,
80f7522f,['Kumar Jeyakkumar'],,
8c2f244e,['Kunaal Kumar'],,
d60a26db,['K White' 'Kerrod White'],,
177009a5,['LA Collado'],,
1cd4d0e7,['L Agenburg'],,
c104d82b,['LA Ngwenya'],,
c0cc1507,['L Ateak'],,
40849abd,['Lauren Agenbag'],,
ad061133,['L Bardsley'],,
02ba88e3,['LB Gcuma'],,
f420c58a,['L Carrick' 'Lewis Carrick'],,
f74ee231,['L Chaudhary'],,
6fe73e44,['Lee Tuck'],,
672e1aea,['Leitu Leong'],,
4a24ba73,['Les White'],,
51afe432,['Boucher' 'LF Boucher'],,
de6a390f,['L Fourie'],,
5cd9b2db,['LG Kellogg'],,
0e3e8ce3,['L Greig'],,
1f6fce82,['L Harnett' 'Lester Harnett'],,
f80d79af,['LH Heaps'],,
6fa18157,['LH Matroos'],,
e799e5f7,['Liu Jingming'],,
d092845d,['L Jingmin'],,
bec17912,['LJ Willemse'],,
57943f15,['LK Arachchige'],,
fbb7c5d0,['LK Bhudia'],,
99772efd,['L Khotso'],,
1dbc4a64,['L McCabe'],,
af909043,['LM Engelbrecht' 'Lourens Engelbrecht'],,
c39fe8ab,['L Nenova'],,
e331686b,['LN Rajkumar' 'Lyndon Rajkumar'],,
48a506ab,['L Oala'],,
75c8a26b,['Lokesh Bam'],,
1b370e14,['Lou Coulthard'],,
e472b6de,['L Piekarski' 'Laura Piekarski'],,
93cc9718,['L Poobalan'],,
632fbfbc,['L Ramdeen' 'Leandra Ramdeen'],,
6a4734ae,['L Rusere'],,
5dee559a,['LS Reifer'],,
9a900712,['L Tipton'],,
00812511,['Lui Els'],,
a665d456,['L Yingying'],,
3e5f0c04,['M Abbott'],,
3e285c0a,['MA Din'],,
0969c4f2,['MA Eggleston'],,
ab1d0ad7,['Mahabubur Rahman'],,
c2386b11,['Mahani Ahyar'],,
3cfbdc55,['Mahbubur Rahman'],,
10c8c407,['Mahesh Bohara'],,
3275b68b,['Mahfuzur Rahman'],,
d8ff8121,['Mahmood Kharoti'],,
6f4bcdb4,['Majid Hussain'],,
b7cdba34,['MA Khan'],,
0c390eb1,['Malan Morkel'],,
4f408a79,['Manjul Bhattarai'],,
0db7fb49,['Manjurul Islam' 'Manjurul Islam Talukdar'],,
6dc32900,['Manmohan Lamsal'],,
f1194524,['Manohar Adhikari'],,
e2d093ff,['Mansoor Pasha'],,
e3273ac2,['Mansoor Qureshi'],,
e41c8d4c,['MA Ntobela'],,
97e5350a,['Marc Nickl'],,
7ea8f69b,['Maria Casti√±eiras'],,
f0fbdf0a,['Mario Andres Pavez Ovalle' 'Mario Ovalle'],,
1bea9a5b,['Mark Hawthorne'],,
8f207fbf,['Mark McCormack'],,
cf785dd1,['M Armghan Khan'],,
f1828fe8,['Marthinus Louw'],,
4ae530cf,['Maryyam Sheikh'],,
da596754,['Mathan Kumar'],,
bf1a68c1,['Mattis van Eck'],,
847798ac,['M Azzam'],,
c3227856,['M Balasubramaniam'],,
998543b2,['M Balkaran'],,
24683341,['M Bauer'],,
6572b117,['M Berry'],,
db9b23f1,['MB Gray'],,
30f18244,['M Blinkhorn-Jones'],,
ffc39517,['M Block'],,
66c7abe6,['M Bodie'],,
f081f3c1,['M Camara'],,
59b08f8c,['MC Godliman'],,
55ed4228,['M Clarke' 'Melicia Clarke'],,
6495fd7b,['M David' 'Maria David'],,
487c072e,['MD Martell'],,
81cebf35,['MD McKay'],,
c037d0ca,['MD Ralston'],,
29ea9edd,['Mehmood Kharotai'],,
a9a2d74b,['Merwin Julius'],,
7fc8bb18,['M Faheem' 'Mahsid Faheem'],,
d938b9c8,['M Gilmour'],,
88039593,['MG Kumutat'],,
d9845a87,['MG Shankar'],,
deb8c9a5,['M Hancock'],,
71f7d784,['M Haward'],,
ea123ee4,['M Hawthorne'],,
fbac5c86,['M Hoffman'],,
cd73c513,['M Home'],,
0280a934,['Michael Foster'],,
f8a8f520,['M Idambo'],,
bdf1ffe3,['M Jameson'],,
8a6ba092,['MJ Barry'],,
14b38bfe,['MJ Brown'],,
dfc007c0,['MJ Chappell'],,
c40d37a3,['MJD Bodenham'],,
83037aab,['M Jodhan'],,
b18ba97a,['M Joseph'],,
f929cd04,['MJ Robbins'],,
e86d9329,['M Kamruzzaman'],,
266c5fd7,['M Kamruzzman'],,
e298c588,['M Krishnadas'],,
1e50426a,['M Kristensen'],,
2d9451cc,['MK Thakur'],,
aa4063d0,['M Kuppuraj'],,
9818cc88,['M Kyriacou'],,
1455f4bb,['M Lane' 'Mitch Lane'],,
ae9c4c29,['M Le Ray'],,
f4f307d4,['ML Sturge'],,
6061de69,['M Mabvuka'],,
a4d2b121,['M Mangla'],,
021b4be9,['M Matine'],,
6f37931c,['M Matobole'],,
41729aa5,['M Mellifont'],,
b52f7ad9,['MM French'],,
34628c4a,['M Moalosi'],,
210aa845,['M Mohasane'],,
ebeb2e9f,['M Moller'],,
c3017af3,['M Moyo'],,
23ba2db7,['M Nalule'],,
41597619,['MN Gampu'],,
0479de6b,['Mohamad Rafi'],,
13501ff4,['Mohamed Khan'],,
f64e1779,['Mohamed Riyas'],,
55e0d2a1,['Mohammad Afzal'],,
c278894c,['Mohammad Afzal' 'Mohammad Afzal (2)'],,
8c0a86ef,['Mohammad Ali'],,
dd853938,['Mohammad Anees' 'Mohammad Anees (2)'],,
b7b6790a,['Mohammad Asif' 'Mohammad Asif (2)'],,
53ad9c10,['Mohammad Asif' 'Mohammad Asif (3)'],,
74eb8175,['Mohammad Kamruzzaman'],,
68fde819,['Mohammad Najeeb'],,
0aaa8310,['Mohammad Nasim' 'Mohammad Nasim (2)'],,
c1bc9393,['Mohammad Nazril'],,
feb6180d,['Mohammad Umar'],,
46ff5194,['Mohammed Younis'],,
2cef25f0,['M Okello'],,
f86da787,['MO Owesi'],,
a149de90,['Mozahiduzzaman'],,
c1089ccb,['M Perera'],,
2fa2647c,['M Pethiyagoda'],,
36caea64,['MP Hall' 'Matthew Hall'],,
c36bcd1e,['M Prabhudesa'],,
aa80a6c3,['M Prince'],,
cf34fbef,['M Qureshi'],,
6f596571,['M Ragoonath' 'Michael Ragoonath'],,
f93e36b0,['M Razick'],,
262b1d7d,['M Robinson'],,
b641378d,['M Rodan'],,
a655e06f,['M Rogers'],,
5d58ac60,['MR Singh'],,
d09a64eb,['M Russell'],,
35cdede8,['M Savage' 'Mark Savage'],,
6f06b264,['MS Branch'],,
ac265013,['M Singh'],,
0f7eb25c,['M Singh' 'M Singh (2)'],,
4fbfa544,['MS Jansen'],,
8048c698,['MSS Ranawat'],,
974b9a9d,['M Stary'],,
f5df456a,['M Surve'],,
8c59e656,['MT Ross'],,
0f42a805,['M Tsarsi'],,
6fde35d9,['Mudassar Ali'],,
2f6996fb,['Muhamad Makram'],,
93c0616e,['Muhammad Asif'],,
2adda76b,['Muhammad Hashim'],,
f681481e,['Muhammad Nadeem'],,
732d1f2c,['Muhammad Rafeh'],,
83fd5a46,['Muhammad Sabir'],,
05b35689,['Muhammad Usman' 'Muhammad Usman (2)'],,
57888f3c,['Muhammad Yasin'],,
6d5e66b1,['Muhammad Zafar Khan'],,
1a8f879b,['Mujeeb-ur-Rehman'],,
e6c09bda,['Mujibul Haque'],,
c44bf6a2,['Mukesh Singh'],,
0fa73f64,['M Underdown'],,
857e2c79,['Mutaiba Ansar'],,
382ca816,['Muzaffar Mujeed'],,
19b79736,['MVD Zilva'],,
b99e3162,['MV Krishnakumar'],,
d0a312d4,['MV Ramesh'],,
54b6007b,['MV Saidharshan Kumar'],,
d83d7796,['MW Brown'],,
18aca3ce,['MW Graham-Smith'],,
41fd052c,['Myron James'],,
36c3302e,['M Zhu'],,
7ccbae86,['Nadeem Anjum'],,
c26c287e,['Nadhirah Nasruddin'],,
1866938c,['Naeem Ashraf'],,
4c79c309,['Nafis Shaikh'],,
2b47b093,['Najiyah Raynor'],,
58aa33cd,['Najjam Shahzad'],,
9514072e,['NA Malcolm'],,
29ed56ec,['NA Plane'],,
96d914f6,['NA Shah'],,
09263043,['Nasim Moghal'],,
16dfcf57,['Nasir Abbasi'],,
567675c8,['Nasir Ali'],,
5b2fe85b,['Nasir Hussain'],,
84db90c8,['Naveed Ismael'],,
e9a910c0,"[""Naveen D'Souza""]",,
9830f5a5,['Navneet Virk'],,
6bfe2a31,['Nazir Hussain'],,
c0380823,['N Baird'],,
96a0edf9,['N Bathi'],,
b650a763,['N Cherry'],,
da4f9274,['N Cumberbatch' 'Naijanni Cumberbatch'],,
2a7bdddf,['ND Harrison'],,
af104d94,"[""N D'souza""]",,
4b7f60af,"[""N D'Souza"" ""Naresh D'Souza""]",,
d185221a,['N Dugid'],,
64495506,['N Duguid'],,
f9c9bd9e,['N Dunn'],,
9c40c208,['Neil Findlay'],,
5666eb9b,['N Ellick'],,
6e98744c,['NG Bagh'],,
bcc5904a,['N Hemlani'],,
130de2a7,['Nicholas Otieno'],,
976301d5,['Nikhil Menon'],,
c158b413,['Nilakshika Silva'],,
194158ae,['Nilkesh Patel'],,
3e8231aa,['Nima Gurung'],,
5405a2cb,['Ninad Dalvi'],,
6c765570,['Nisar Ahmed'],,
7d1254b0,['Nisarg Shah'],,
3de4511d,['N James'],,
d06a665d,['N Janani'],,
020f24d6,['NJA Smith'],,
c8475c51,['N Jogalekar'],,
b317852e,['N Krishnan'],,
cd219cb3,['NL Bainton'],,
2414ac8b,['NL David'],,
465c4770,['N Louw'],,
547408c8,['NL Smith'],,
5f4b2333,['N Mann' 'Noah Mann'],,
c57ae24c,['N McCarey'],,
57c35e37,['N Mohanty'],,
4d6675ec,['N Morrison'],,
43114dd6,['NN Dave'],,
a2424a28,['NN Davidson'],,
ed06cf51,['Norbert Abii'],,
f34494d4,['Norman Bateman'],,
7f8316e3,['NO Tindo'],,
4947c258,['N Pandit'],,
2501a832,['NPF Ranhaluge'],,
ce274b6a,['NR Johnstone'],,
c3b9d654,['N Shivsankar'],,
8f4a0102,['N Sivan'],,
7cefca09,['N Squire'],,
a5262f5e,['N Sun'],,
62ee887e,['N Tsiame'],,
6c068720,['Nur Hijrah'],,
2878fcf2,['Nur Syazwina Hanim'],,
d0d9790b,['Nurudeen Ibrahim'],,
b2caf373,['N White'],,
0c8bce52,['O Adekoya'],,
26cd0ae9,['Obaydul Haque'],,
22fe51d7,['O Brown'],,
6345307f,['O Chirombe'],,
56aee1ce,['O Compagnie-Coker'],,
037b860a,['O Harvey'],,
a69e2964,['OJ Webster' 'OJH Webster'],,
dbdec8e0,['Olivia Thomas'],,
7f97139f,['O Mondlane'],,
a9b7e3e6,['O Morgan'],,
a7e2fb32,['Osama Saad Alnadwi'],,
fdee9c87,['O Tafirenyika'],,
cda8ef3a,['Ovais Yousof'],,
527a37ef,['O Wallace'],,
3c9b9153,['PA Eakin'],,
25bcf808,['PA Gustard'],,
9fcaeb60,['Pan Ei Phyu'],,
4e8b6aea,['PA Redhead'],,
a416c9c3,['PA Reynolds'],,
e4c69c16,['Patric Makumbi'],,
188dc81a,['P Balasubramanian'],,
2ecc57c2,['P Bhanu Prakash'],,
3d244657,['PB Spall'],,
2053da82,['P Chakraborty'],,
b81ede97,['P Davies'],,
169be239,['PD Jones'],,
5ad84c35,['PD Nicholls'],,
817a58d2,['P Doungsin'],,
439aa572,['PD Parker'],,
74b2518c,['Pervez Bashir'],,
3d525153,['Peter Shirley'],,
58984fd0,['P Faye'],,
9f772ec5,['PG Pathak'],,
0c677650,['Philip Thompson'],,
cfb80d43,['PJ du Plessis' 'Petrus du Plessis'],,
3e253a50,['PJ Gillespie'],,
925d2e93,['PJ Nero'],,
83d01793,['P Jno Baptiste'],,
ffc0e370,['P Joshi' 'Parashar Joshi'],,
fd92a10c,['PJ Pasco'],,
93a6d2d0,['PJ Vosloo'],,
a2d53c59,['PJ Watkins'],,
bc69a6d3,['PK Ananya'],,
6bb53c12,['PK Baldwin'],,
4bf8dd40,['PK Singh'],,
496f436d,['PK Thangavadivel'],,
0d9992e3,['P Littlejohns'],,
c1ca6df3,['PL Marshall'],,
0dcc9a8c,['PM Joshi'],,
dbe27ac1,['PM Musoke'],,
b06ed525,['P Millington' 'PO Millington' 'Plaffiana Millington'],,
24e0b90f,['P Pheko'],,
ef69619a,['Pramesh Parab'],,
9b35c92a,['Prassanna Haran'],,
566827e1,['Praveen Kumar Swamidas'],,
22fb205e,['Praveen Krishnan' 'Praveen Santhanakrishnan'],,
a216a321,['Praveen Sen'],,
e78f5a8a,['Precious Smith'],,
489fb760,['Premdip Chatterjee'],,
2074ce03,['PR Patki'],,
13a1dc01,['P Stroud'],,
d34caf75,['P Thew' 'Peter Thew'],,
3839bbb1,['P van der Merwe'],,
a5c226ab,['PV Cholkar'],,
afb1787b,['P Vincent'],,
4a8a0ba4,['P White' 'Peter White'],,
d8a7c8b4,['Qaiser Waheed'],,
0a0c7efd,['Qing Yi'],,
a103d8ad,['QS Tan'],,
ad03130c,['Rabindra Gupta'],,
8f770e34,['Rabiul Hoque'],,
9afa88b7,['Rafi Ahmed'],,
458161f4,['Rahat Ali' 'Rahat Ali Chaudhry'],,
c443b748,['Rahel Khan'],,
4956b0bf,['Rahul Asher'],,
20a12a4c,['Rajinder Kumar'],,
808f2939,['RA Kottahachchi'],,
e7fd63e4,['R Allen'],,
37525dbf,['R Altaff Hussein'],,
e6d400e1,['Raman Sharma'],,
c23ca700,['Rama Rao'],,
4a441764,['R Amarshi'],,
8ad68ea7,['Ramasamy Venkatesh'],,
61e18909,['Rana Singh'],,
c702bc6e,['Rashid Hussain'],,
3f811de0,['Mohammad Rashid Ali Khan' 'Rashid Khan'],,
b6af4f1b,['R Austin'],,
ffecc5bc,['Ravi Putcha'],,
73528168,['Raz Ahsik Imtiaz'],,
fba1c2a3,['Raziq Khan'],,
04213325,['Razzak Shah'],,
85dbb571,['R Banwarie' 'Ryan Banwarie'],,
86b0bbe8,['R Belgrove'],,
8d7ad5a6,['RB Kalita'],,
156c8fb1,['R Black'],,
c9cf5ace,['R Chirwa'],,
40ef8f3d,['RCR Combe'],,
ca057a4d,['RD Anderson'],,
49dc2ef6,['RD Goodger'],,
b0f23d14,['R Dill'],,
f3c22863,"[""R D'Mello""]",,
8122c036,['R Duckworth'],,
cc708789,['RE Harris'],,
0265fab2,['RE Koertzen'],,
ec98dcac,['R Ellis'],,
49db97e8,['R Francis' 'Racheal Francis'],,
06b766f4,['R Francis'],,
adb07afc,['RG Hooper'],,
d264c880,['RG Patterson'],,
ca3ef2ba,['R Grundy' 'Rebecca Grundy'],,
9be2e625,['R Hasrat'],,
e303d1cc,['R Hassan'],,
10b9c720,['RH Kanyandula'],,
3f6d9c7f,['Riaz Chaudhry'],,
4ba4649c,['Riaz Suleman'],,
baeae6dd,['R Immadi'],,
309212aa,['R Irvine'],,
5a8ab04a,['Riyad Khan'],,
3ebebb18,['Riyaz Kurupkar'],,
278b90a5,['Rizwan Khaliq'],,
d5fc9e42,['RJ Evans' 'RJ Evans (2)'],,
a3e9e43d,['RJ Yates' 'Robert Yates'],,
d84a687d,['RK Chittick'],,
08f30f9d,['R Kelly'],,
30fd5378,['R Kemming'],,
5a6b2c1d,['R Khasana'],,
a872bd90,['RK Yadav'],,
a124a56b,['RL Dougherty'],,
6141ec91,['R Lesuma'],,
1c918138,['R Liburd' 'Rozel Liburd'],,
e5b4e363,['R Limbu'],,
4b8586ba,['RL McHarg'],,
86d151dc,['RL Parry'],,
6eb5f15e,['RL Stockton'],,
ce2fdf8f,['R McDonald'],,
7d2a4250,['RM Deshpande'],,
fa1c618e,['RM Eames'],,
430f7ef9,['R Misra'],,
ddd995e5,['R Mohan'],,
dd109bcd,['RM White' 'Robin White'],,
6a6ba226,['RM Wylie'],,
27880adb,['RN Birkenstock'],,
92edb363,['RN Hendricks'],,
eec90c4b,['Roberto Howard'],,
73eb8252,['R Odgers'],,
5539605a,['Roheel Shamus'],,
065c35fc,['Roopa Nagraj'],,
32f6e1f8,['Roshni Ramesh'],,
10ce549c,['Roy Loh'],,
8a604384,['R Pandit'],,
26815eee,['R Parkes'],,
f6b98653,['R Pasupathy'],,
c0b177fd,['R Pradhan'],,
d24a1509,['RP Smith'],,
5e214ad9,['R Radhakrishnan'],,
67940f4e,['RRG Blair'],,
3de870ce,['R Risodkar'],,
ef94d7e3,['RR Shinde'],,
8a8bc9f6,['R Samuels'],,
5157b0e8,['R Saywack' 'Ron Saywack'],,
ba23c98e,['R Selvaratnam'],,
3424e050,['R Shah'],,
82f0b62e,['R Shankar'],,
6100086b,['R Sivanadian'],,
7324c7f2,['R Steyn' 'Rubin Steyn'],,
7c32b886,['R Subramanian'],,
108a0d3c,['RT Widows'],,
84682045,['Rudy Ismandy'],,
03f59d24,['Ruud Kaulingfreks'],,
85489579,['RW Stratford'],,
d2343b26,['Ryan Milne'],,
b51347e8,['Ryan Nelson'],,
ae172431,['Ryan Willoughby'],,
44c80994,['Ryu Roni'],,
35cc7033,['S Abdool' 'Shania Abdool'],,
2ad22b51,['SA Bucknor'],,
13d0dec5,['Sachin Solanki'],,
b02bdcfc,['SA Chipolina'],,
0c055ae6,['Sadat Sidiqi'],,
63d6e16e,['Saeed Ahmed' 'Saeed Ahmed (2)'],,
35508310,['SA Garratt'],,
ac9cbbb1,['Sahana Iyer'],,
b083c730,['SA Hipple'],,
4cc59a40,['Said Hakim'],,
60367c5b,['SA Iftikhar'],,
f4b0f3cb,['Saifullah Khan'],,
7b7a1bbe,['Sai Goutham'],,
5e653eef,['Saira Ifzal'],,
d17d21d5,['Saleema Imtiaz'],,
680b8cbf,['SA Lightbody'],,
f05bd21b,['Samad Akbar'],,
b0c7ede2,['Sam Burns'],,
656da404,['Sameer Minhas'],,
58eec343,['Samuel Dudson'],,
0ef792dc,['Sanjay Gurung'],,
ccb9d6a6,['Sanjay Kumar Singh'],,
ad135bde,['SAN Maypriani'],,
6876264c,['Santiago Duggan'],,
74644db4,['Saqib Khan'],,
aa1b54b8,['SA Reed'],,
8ff397fa,['Sarika Prasad'],,
b04524bc,['S Asnani'],,
b4794f2a,['Sathish Balasubramaniam'],,
4c6c4af4,['Satyajit Sarkar'],,
c1d70b39,['S Auma'],,
afe4ec5a,['Saurabh Dhote'],,
2ae2e875,['Saurabh Naik'],,
4d9dfc7f,['S Banamali'],,
abde8fb9,['S Banerjee'],,
bf3be86c,['S Barriball'],,
227d9cd1,['SB Chowdhury'],,
05273929,['S Bellot' 'Sidella Bellot'],,
81ce2e0e,['S Bhargava'],,
4146063f,['SB Lambson'],,
268ec1d6,['S Bogdos'],,
394ba7a8,['SB Ravindra'],,
f552dfcb,['S Brne'],,
4385b7cc,['S Bruno'],,
7156272d,['S Butler'],,
18af8582,['S Campbelle' 'Sherica Campbelle'],,
4a90dda5,['SC Mucyo'],,
4b9184fd,['S Crawford' 'Shannon Crawford'],,
4040951f,['S Crowie'],,
475e38b6,['S Das'],,
6b725ed1,['SD Fry'],,
7ccfb799,['SD Hollingshead'],,
c744446d,['S Douglas'],,
369c85c1,['SD Ranade'],,
f1375866,['S Dua'],,
ac886e6f,['SE Dionysius'],,
2df62c48,['Seif Athumani'],,
b478bce3,['Selim Shahid'],,
21c16c01,['S Els' 'Shaun Els'],,
bbeb5b15,['S Fernando'],,
8b6aebf7,['SF Nhavotso'],,
11174f6d,['S Gasteratos'],,
4fa795d2,['SG Chandiramani'],,
6d9e5a54,['S George'],,
e9870d43,['SG John'],,
fa6ba429,['S Gogwe'],,
52f6fb22,['S Gowda'],,
1e84e9a2,['Shabbir Ali'],,
e74626b0,['Shabbir Haras'],,
bd616323,['Shafeen Shareef'],,
6fb7e24b,['Shafizan Shahriman'],,
e96950b7,['Shahid Gill'],,
dea2b0ae,['Shahid Mustafa'],,
0f893f0c,['Shahul Hameed'],,
a9af6fea,['Shahzad Mahmood'],,
93535719,['Shahzad Umran'],,
43f3c050,['Shahzeb Choudhry'],,
eaa3b1b2,['Shahzeb Mohammed'],,
bc9a81f1,['Shameem Abdul Basheer'],,
7e461ed2,['Shanawaz Khan'],,
faf145eb,['Shantilal Patel'],,
8e6dd3ba,['Sharad Patel'],,
0b56fe0a,['Sharafudoulla'],,
756fe781,['S Harnal'],,
101373a3,['Shehzad Patel'],,
64428fcb,['Sheikh Muhammad'],,
a127e6f5,['Shenjian Zheng'],,
1e2f3eae,['Shiju Sam'],,
2982a0c7,['Shivani Mishra'],,
3b6665bf,['Shoaib Razzak'],,
0d8392ae,['S Hodgson'],,
ead584ad,['Shola Anyia'],,
2f6e01ec,['Showkat Hossain'],,
5340a1c1,['Showkatur Rahman'],,
153c67dc,['Shozab Raza'],,
5e452781,['Shriya Kumari'],,
3c648643,['Shubhda Bhosle'],,
2891f50a,['S Hutchins'],,
9fb1d2e1,['S Iftikhar'],,
c0741b3f,['Simon Burns'],,
167b3c71,['Simon Shalders'],,
e50baa87,['Siphelele Gasa'],,
a5aad500,['S Jackson'],,
a5dfcd4b,['SJ Ally'],,
4b43d5ac,['SJA Taufel'],,
bc71b0b2,['SJ Davis'],,
ccc17282,['SJ Harbinson'],,
60713505,['S Jianxin'],,
c8bbc10d,['SJ Kannan'],,
9b3f9323,['SJ Nogajski'],,
493ed665,['SJ Ross'],,
05026222,['S Kemigisha'],,
798ce1ad,['SKG Krishnan'],,
ff387f93,['S Kintu'],,
f972456b,['SK Thottathil'],,
b0cad015,['S Kuchimanchi'],,
9237d360,['S Laister'],,
13c312ad,['S Leacock' 'Sylvan Leacock'],,
71cc38ef,['S Loftie-Eaton'],,
5ffe6225,['S Lynch'],,
12a7e02a,['S Maynard'],,
e5d90228,['SM Bhaskar'],,
902b91d5,['SM Bunting'],,
d32c3af2,['S McCloud'],,
fcc653b8,['S McLelland'],,
86ac0262,['S Mills'],,
02b4558e,['S Mishra'],,
402f5d18,['S Mitchelmore'],,
d877b291,['S Mumford'],,
ab3d6059,['SN Anand'],,
350528bb,['SN Bandekar'],,
d469639b,['Sohail Akhtar' 'Sohail Akhtar (2)'],,
091a7550,['Sonali Patel'],,
18377910,['S Pakhrin'],,
c4ee6c06,['S Patel'],,
40c880eb,['S Lynch' 'SP Lynch'],,
ab918733,['S Ramataboe'],,
6055237d,['S Ramesh' 'Subbiah Ramesh'],,
80713a84,['S Raveendrakumar'],,
9b9ee0df,['S Ravi'],,
2d209948,['Sri Ganesh'],,
c021863b,['Srinivas Mandali'],,
13f86301,['SRM Arachichige'],,
4a9a7712,['SR Modi'],,
d3713ba5,['SR Oliver'],,
856228d3,['S Rwaziyeni'],,
733f759a,['S Samanta'],,
7bbd13cb,['S Sattar'],,
170f4647,['S Seth'],,
92671859,['S Shankar' 'Sivasubramaniyan Shankar'],,
321fcf79,['S Singh'],,
e72046b7,['S Tambala'],,
721a8d8e,['S Tambidoure'],,
b9539fb8,['S Taylor'],,
fdcfd4aa,['Stephen Harris'],,
3818fb90,['Steven Caines'],,
41ef62b4,['S Toomaga'],,
6626e257,['S Tripp'],,
7442f8dd,['S Turner'],,
60018b15,['Suleman Saeed'],,
913f0027,['Sultan Khan'],,
cfa914d1,['Suman Pradhan'],,
6798b28e,['Sumit Pratap Singh' 'Sumit Singh'],,
2ef5fc2b,['Surendiran Shanmugam'],,
4e869e23,['Suresh Subramanian'],,
73da6e8d,['Suthan Selvachandran'],,
4d156994,['S Vachha'],,
48ab7c96,['SV Sarda'],,
c1a1acf3,['S Wadvalla'],,
6b043d67,['Sweed Ullah'],,
2910392a,['S Welch' 'Simon Welch'],,
16301313,['S Wetoto'],,
0e9d839b,['S Wijesundera'],,
bdc91516,['S Willett'],,
a9740c71,['SW Liebisch' 'Walter Liebisch'],,
fe38aa0b,['S Wood'],,
1e2a1dff,['Syed Atif Naqvi'],,
aa0c89e5,['Syed Mahabubullah'],,
62325c42,['Syed Shabbir Ali'],,
50955fee,['Syed Tameem'],,
c54d75a3,['S Yousuf'],,
045c01f1,['TA Haley'],,
3b6e4c78,['Tahir Mehmood'],,
5a00e218,['Talat Nadeem'],,
8bcfa632,['T Anders'],,
659eca6a,['T Anderson'],,
7d04a802,['Tanveer Iqbal'],,
ea2df1f1,['Tanvir Ahmed'],,
9d4f3a74,['T Atoloye'],,
db99a61c,['T Birbal'],,
e4bc45e0,['T Brown'],,
dcc12ed6,['T Byron' 'Tracy Byron'],,
ab75eb29,['T Caruana'],,
f18b67a3,['T Chabila'],,
047ab051,['TC Magee'],,
e93c3cf8,['TC Mokorosi'],,
95085a7d,['TC Moore'],,
2c31300d,['TC Nikum'],,
9615795e,['T Dempsey'],,
e477f95d,['TE Hewitt'],,
c436c424,['Tehseen Hassan'],,
d871bec5,['T Parker' 'Terez Parker'],,
b91cd1a6,['Terry Keel'],,
16f16957,['Terry Prue'],,
0000a6d2,['TF Cox'],,
2edeafa1,['T Gumbs'],,
48a372a4,['Thae Thae Po'],,
b62cf656,['Tim Donahoo'],,
4a3132b1,['TJ Matibiri'],,
b68d9bc6,['TJ Onikoyi'],,
3cfc24b0,['TJ Parlane'],,
abbc280b,['TJ Tapfumaneyi'],,
1767e9e0,['TJ Yoezer'],,
80ba2fe8,['T Kaisala' 'Uala Taitoe Kaisala'],,
9168597e,['T Khalid'],,
5a09b4e3,['TK Handu'],,
97b1bd58,['T Koloi'],,
f81e1875,['T Koralage'],,
e1347433,['T Lhaden'],,
6c7d4820,['T Logan'],,
9f3263f4,['T Martin' 'Tonya Martin'],,
423cd1f2,['T McCoy' 'T McKoy' 'Tynetta McKoy'],,
d8083abf,['T Mohapi'],,
a6348da2,['T Oladunjoye'],,
fa3b2690,['Tom Smith'],,
5cc0fccb,['Tonye Timinadi'],,
56c0966b,['T Phaswana'],,
e94f7583,['T Phiri'],,
1b5112ea,['TP Laycock'],,
3a341948,['T Ramabitsa'],,
79f64f2c,['TR Owen'],,
0aa42c26,['Troy Penman'],,
91c9619b,['TR Rann' 'Todd Rann'],,
b794a78d,['T Sandeep'],,
f56197be,['T Sathyendra Kumar'],,
3b471aa4,['T Semmens'],,
5d1c84b8,['T Sen'],,
961ddfac,['T Senthil Kumar'],,
2c83f1f7,['T Shabani'],,
88e90658,['TS Omary'],,
db6c6635,['TS Prasad'],,
1c21aa7d,['TS Shirriffs'],,
715959cd,['T Steenholdt'],,
167ccf56,['T Tereza'],,
37022a88,['T Walker'],,
f4d1ecae,['T Wheeler'],,
6ec463f4,['Tyron Davies'],,
30d16066,['U Friday'],,
2a66cc06,['UH Sahi'],,
85266cb3,['UK Brahmanage'],,
b2ef796b,['UL Dubey'],,
f81f6cf2,['Umair Rafi'],,
6f4ec431,['Umer Toor'],,
93eb433f,['U Pradeep'],,
af27f9e7,['Usman Arif'],,
8fe0c4f8,['VA Kulkarni'],,
f2aa33d6,['V Anatharam'],,
1f9404f3,['VC Calabro'],,
45a34a2d,['VD Adewoye'],,
69e03d62,['V Daniel'],,
8647d51d,['VD Nerurkar'],,
6e1a8b04,['Verdayne Smith'],,
144e5b16,['VG Rathi'],,
3eb2a27b,['V Hirlal'],,
8926ed4e,['Vicky Prajapati'],,
85b6244a,['Vijaya Mallela'],,
452837d1,['Vinay Malhotra'],,
37e6187d,['Vinod Babu'],,
a3357a27,['Vinod Seshan'],,
ae84d864,['V Kadiresan'],,
42d76418,['V Kalidas'],,
31597b2d,['V Karthikeyan'],,
5d46eb72,['VK Jha'],,
e4f9ff5b,['VL Holden'],,
5dcdc811,['V Mahna'],,
e236db6b,['VM Bandiwadekar'],,
67df71c9,['VM Dhokre'],,
0b126008,['VN Kulkarni'],,
b43ad064,['V Patel'],,
5b7b706f,['VR Angara'],,
4aef038f,['VR Lund'],,
2dcfdef1,['VR Seeshadri'],,
6ebba6d8,['V Sarma'],,
42314166,['V Sridhar'],,
e26e1d48,['V Subha'],,
611298bd,['V Tafea'],,
89187d8b,['V Thari Thari'],,
25f8ce1d,['VV Bullen'],,
a7b002dd,['V Vijayalingam'],,
3039ff8a,['V Vini'],,
c0b2518a,['Waheed Aamir'],,
270416d5,['Waleed Yaqub'],,
784ad3c1,['Wasif Jalal'],,
1e58f0e5,['Wasim Tahir'],,
ac02c29d,['W Barron' 'Wayne Barron'],,
7d76b96f,['W Clarke'],,
ad209cfe,['W Els'],,
1ccb18dc,['Whitbourn'],,
4d641043,['Willem Molenaar'],,
e2dae8f4,['Willem Prinsloo'],,
a475e580,['William Harby'],,
e01d4cc6,['W Jing Zhang'],,
5dfb5f84,['W Judd' 'William Judd'],,
fc84a459,['W Kevin'],,
c1e32d91,['WL Mitchum' 'Wycliffe Mitchum'],,
e5d7f60b,['W McKinty'],,
0a3e73a5,['W Mohammed'],,
2bd48588,['WPM van Liemt'],,
63cbf8d8,['WR Knights'],,
7e5bfcd1,['W Stewart'],,
e32a4ceb,['W Trenk'],,
cd265f11,['Xie Qiulai'],,
d716680c,['X Ruan'],,
4d382b64,['Xu Qian'],,
92a9be81,['Yaqoob Ali'],,
87568a36,['Y Dolphin-Cooper'],,
a5485127,['YF Zhu'],,
f285b7ff,['Y Graves'],,
7529b185,['YH Cai'],,
23b195b5,['Ying Zhou'],,
d993628f,['Y Kaparo'],,
725f4205,['Yohan Ramasundara'],,
09a6cce7,['Yousuf Aslam'],,
cf41005c,['Yousuf Wadu'],,
990f1424,['YP Dayal'],,
fcc7084a,['Yusuf Akalwaya'],,
b820271d,['Y Wang'],,
0ae4cd4a,['Zaheer Ibrahim' 'Zaheeruddin Ibrahim'],,
74ca6ff6,['Zaheer-ul-Haq'],,
ca6bf044,['Zahid Bassarath'],,
5ee3b5bd,['Zahid Usman'],,
a29dd0ec,['Zaidan Taha'],,
8c3c46b0,['Zaman Quoraishi'],,
5537565f,['Zameer Haider'],,
b8d6bd8f,['Zayani Syamimi'],,
3402a7cf,['Zeeshan Butt'],,
ed038c84,['Zhang Yufei'],,
794e4ada,['Ziaul Islam'],,
085c1a4c,['Ziaur Rehman'],,
5a058533,['Z Lyu'],,
ec29da98,['Z Nizami'],,
545cc6db,['ZTA Ndamane'],,
f50c35d2,['Z Tomlinson'],,
